{
  "project_info": {
    "project_number": "1741226861",
    "firebase_url": "https://scholars-boat.firebaseio.com",
    "project_id": "scholars-boat",
    "storage_bucket": "scholars-boat.appspot.com"
  },
  "client": [
    {
      "client_info": {
        "mobilesdk_app_id": "1:1741226861:android:edd4dd62bfefcde3",
        "android_client_info": {
          "package_name": "com.example.apeksha.tanvispin2"
        }
      },
      "oauth_client": [
        {
          "client_id": "1741226861-8nbor62ao77bbtnics2fm3rv83q8rtk7.apps.googleusercontent.com",
          "client_type": 3
        }
      ],
      "api_key": [
        {
          "current_key": "AIzaSyCCNcu0KI7rvFrcWkEZZQV8YfCssEjrOE8"
        }
      ],
      "services": {
        "appinvite_service": {
          "other_platform_oauth_client": [
            {
              "client_id": "1741226861-8nbor62ao77bbtnics2fm3rv83q8rtk7.apps.googleusercontent.com",
              "client_type": 3
            },
            {
              "client_id": "1741226861-uajukt11dvksns2crbhr09u57j6quqcc.apps.googleusercontent.com",
              "client_type": 2,
              "ios_info": {
                "bundle_id": "com.ScholarsBoat"
              }
            }
          ]
        }
      }
    },
    {
      "client_info": {
        "mobilesdk_app_id": "1:1741226861:android:924c788b8b0044ac",
        "android_client_info": {
          "package_name": "com.techsterz.scholarsboat"
        }
      },
      "oauth_client": [
        {
          "client_id": "1741226861-dmf73vcntfpbg71786gi3letj0p6edhh.apps.googleusercontent.com",
          "client_type": 1,
          "android_info": {
            "package_name": "com.techsterz.scholarsboat",
            "certificate_hash": "0300aad8134bbd52feaa129aaa1cae504cce5825"
          }
        },
        {
          "client_id": "1741226861-u208bbqtnknvoe4k5go6r38jk3l0c58f.apps.googleusercontent.com",
          "client_type": 1,
          "android_info": {
            "package_name": "com.techsterz.scholarsboat",
            "certificate_hash": "a0e2ef5727313f0358a5241dd96eba7ce111bf8f"
          }
        },
        {
          "client_id": "1741226861-80ji8irmj41kkpg292p4rnqkh12tt14q.apps.googleusercontent.com",
          "client_type": 1,
          "android_info": {
            "package_name": "com.techsterz.scholarsboat",
            "certificate_hash": "a42efed486109ccd9fbfbae4cca64b1df5b7eaae"
          }
        },
        {
          "client_id": "1741226861-37uafuasdar523ebqac3eeom2a7e6jnr.apps.googleusercontent.com",
          "client_type": 1,
          "android_info": {
            "package_name": "com.techsterz.scholarsboat",
            "certificate_hash": "82beb5a3a94b126b7101442bffa44e285eacc590"
          }
        },
        {
          "client_id": "1741226861-8nbor62ao77bbtnics2fm3rv83q8rtk7.apps.googleusercontent.com",
          "client_type": 3
        }
      ],
      "api_key": [
        {
          "current_key": "AIzaSyCCNcu0KI7rvFrcWkEZZQV8YfCssEjrOE8"
        }
      ],
      "services": {
        "appinvite_service": {
          "other_platform_oauth_client": [
            {
              "client_id": "1741226861-8nbor62ao77bbtnics2fm3rv83q8rtk7.apps.googleusercontent.com",
              "client_type": 3
            },
            {
              "client_id": "1741226861-uajukt11dvksns2crbhr09u57j6quqcc.apps.googleusercontent.com",
              "client_type": 2,
              "ios_info": {
                "bundle_id": "com.ScholarsBoat"
              }
            }
          ]
        }
      }
    }
  ],
  "configuration_version": "1"
}